{"type":"collection","licenses":[{"type":"license","mw_license_url":"http://de.wikipedia.org/w/index.php?title=Hilfe:Buchfunktion/Lizenz&action=raw"}],"title":"PILZE","subtitle":"","settings":{"papersize":"A4","showtoc":"1","columns":"1"},"items":[{"type":"chapter","title":"Hinweise zum Pilzsammeln","items":[{"type":"article","content_type":"text/x-wiki","title":"Wikipedia:Hinweise zum Pilzesammeln","revision":"133876412","latest":"133876412","timestamp":"1410283101","url":"http://de.wikipedia.org/wiki/Wikipedia:Hinweise_zum_Pilzesammeln","currentVersion":1,"wiki":0,"about":"http://de.wikipedia.org/wiki/Special:Redirect/revision/133876412","isVersionOf":"//de.wikipedia.org/wiki/Wikipedia:Hinweise zum Pilzesammeln"}]}],"wikis":[{"type":"wikiconf","baseurl":"//de.wikipedia.org/w","script_extension":".php","format":"nuwiki","prefix":"dewiki","parsoid":"http://parsoid-lb.eqiad.wikimedia.org/","filerepos":[{"name":"shared","displayname":"Wikimedia Commons","rootUrl":"//upload.wikimedia.org/wikipedia/commons","local":false,"url":"//upload.wikimedia.org/wikipedia/commons","thumbUrl":"//upload.wikimedia.org/wikipedia/commons/thumb","initialCapital":true,"descBaseUrl":"//commons.wikimedia.org/wiki/File:","scriptDirUrl":"//commons.wikimedia.org/w","fetchDescription":true,"favicon":"//bits.wikimedia.org/favicon/commons.ico","type":"filerepo","wiki":1},{"name":"local","displayname":"Wikipedia","rootUrl":"//upload.wikimedia.org/wikipedia/de","local":true,"url":"//upload.wikimedia.org/wikipedia/de","thumbUrl":"//upload.wikimedia.org/wikipedia/de/thumb","initialCapital":true,"scriptDirUrl":"/w","favicon":"http://bits.wikimedia.org/favicon/wikipedia.ico","type":"filerepo","wiki":0}],"imagesize":150},{"type":"wikiconf","baseurl":"http://commons.wikimedia.org/w","imagesize":150,"keep_tmpfiles":false,"script_extension":".php","format":"nuwiki","prefix":"commonswiki","parsoid":"http://parsoid-lb.eqiad.wikimedia.org/","filerepos":[{"name":"local","displayname":"Wikimedia Commons","rootUrl":"//upload.wikimedia.org/wikipedia/commons","local":true,"url":"//upload.wikimedia.org/wikipedia/commons","thumbUrl":"//upload.wikimedia.org/wikipedia/commons/thumb","initialCapital":true,"scriptDirUrl":"/w","favicon":"http://bits.wikimedia.org/favicon/commons.ico","type":"filerepo","wiki":1}]}],"papersize":"letter","lang":"de"}