{"imagesize":1200,"keep_tmpfiles":false,"script_extension":".php","format":"nuwiki","type":"wikiconf","parsoid":"http://parsoid-lb.eqiad.wikimedia.org/","prefix":"enwiki","filerepos":[{"name":"shared","displayname":"Wikimedia Commons","rootUrl":"//upload.wikimedia.org/wikipedia/commons","local":false,"apiUrl":"http://commons.wikimedia.org/w/api.php","wiki":1},{"name":"local","displayname":null,"rootUrl":"//upload.wikimedia.org/wikipedia/en","local":true,"wiki":0}],"base_url":"http://en.wikipedia.org/w"}