{"type":"collection","title":"","subtitle":"","summary":"","version":1,"items":[{"type":"article","title":"Taoism","content_type":"text/x-wiki","url":"http://simple.wikipedia.org/wiki/Taoism","wiki":0,"revision":"4635988"}],"licenses":[{"mw_rights_icon":"","mw_rights_page":"","mw_rights_text":"","mw_rights_url":"","name":"License","type":"license"}],"wikis":[{"type":"wikiconf","baseurl":"http://simple.wikipedia.org/w","imagesize":1200,"keep_tmpfiles":false,"script_extension":".php","format":"nuwiki","parsoid":"http://parsoid-lb.eqiad.wikimedia.org/","prefix":"simplewiki","filerepos":[{"name":"shared","displayname":"Wikimedia Commons","rootUrl":"//upload.wikimedia.org/wikipedia/commons","local":false,"url":"//upload.wikimedia.org/wikipedia/commons","thumbUrl":"//upload.wikimedia.org/wikipedia/commons/thumb","initialCapital":true,"descBaseUrl":"//commons.wikimedia.org/wiki/File:","scriptDirUrl":"//commons.wikimedia.org/w","fetchDescription":true,"type":"filerepo","wiki":1},{"name":"local","displayname":null,"rootUrl":"//upload.wikimedia.org/wikipedia/simple","local":true,"url":"//upload.wikimedia.org/wikipedia/simple","thumbUrl":"//upload.wikimedia.org/wikipedia/simple/thumb","initialCapital":true,"scriptDirUrl":"/w","type":"filerepo","wiki":0}]},{"type":"wikiconf","baseurl":"http://commons.wikimedia.org/w","imagesize":1200,"keep_tmpfiles":false,"script_extension":".php","format":"nuwiki","prefix":"commonswiki","parsoid":"http://parsoid-lb.eqiad.wikimedia.org/","filerepos":[{"name":"local","displayname":null,"rootUrl":"//upload.wikimedia.org/wikipedia/commons","local":true,"url":"//upload.wikimedia.org/wikipedia/commons","thumbUrl":"//upload.wikimedia.org/wikipedia/commons/thumb","initialCapital":true,"scriptDirUrl":"/w","type":"filerepo","wiki":1}]}],"lang":"en"}