{"items":[{"content_type":"text/x-wiki","title":"Taoism","type":"article","url":"http://simple.wikipedia.org/wiki/Taoism","wiki":0,"revision":"4585542","about":"http://simple.wikipedia.org/wiki/Special:Redirect/revision/4585542","isVersionOf":"//simple.wikipedia.org/wiki/Taoism"}],"licenses":[{"mw_rights_icon":"","mw_rights_page":"","mw_rights_text":"","mw_rights_url":"","name":"License","type":"license"}],"subtitle":"","summary":"","title":"","type":"collection","version":1,"wikis":[{"baseurl":"http://simple.wikipedia.org/w","imagesize":100,"keep_tmpfiles":false,"script_extension":".php","format":"nuwiki","type":"wikiconf","parsoid":"http://parsoid-lb.eqiad.wikimedia.org/","prefix":"simplewiki","filerepos":[{"name":"shared","displayname":"Wikimedia Commons","rootUrl":"//upload.wikimedia.org/wikipedia/commons","local":false,"apiUrl":"http://commons.wikimedia.org/w/api.php","wiki":1},{"name":"local","displayname":null,"rootUrl":"//upload.wikimedia.org/wikipedia/simple","local":true,"wiki":0}]},{"baseurl":"http://commons.wikimedia.org/w/api.php","imagesize":100,"keep_tmpfiles":false,"script_extension":".php","format":"nuwiki","type":"wikiconf","parsoid":"http://parsoid-lb.eqiad.wikimedia.org/","prefix":"commonswiki","filerepos":[{"name":"local","displayname":null,"rootUrl":"//upload.wikimedia.org/wikipedia/commons","local":true,"wiki":1}]}],"lang":"en"}