{"type":"collection","title":"","subtitle":"","summary":"","version":1,"items":[{"type":"article","title":"1988 in film","content_type":"text/x-wiki","url":"http://en.wikipedia.org/wiki/1988 in film","wiki":0,"about":"http://en.wikipedia.org/wiki/Special:Redirect/revision/626456146","isVersionOf":"//en.wikipedia.org/wiki/1988_in_film","revision":"626456146"}],"licenses":[{"mw_rights_icon":"","mw_rights_page":"","mw_rights_text":"","mw_rights_url":"","name":"License","type":"license"}],"wikis":[{"type":"wikiconf","baseurl":"http://en.wikipedia.org/w","imagesize":200,"keep_tmpfiles":false,"script_extension":".php","format":"nuwiki","parsoid":"http://parsoid-lb.eqiad.wikimedia.org/","prefix":"enwiki","filerepos":[{"name":"shared","displayname":"Wikimedia Commons","rootUrl":"//upload.wikimedia.org/wikipedia/commons","local":false,"url":"//upload.wikimedia.org/wikipedia/commons","thumbUrl":"//upload.wikimedia.org/wikipedia/commons/thumb","initialCapital":true,"descBaseUrl":"//commons.wikimedia.org/wiki/File:","scriptDirUrl":"//commons.wikimedia.org/w","fetchDescription":true,"favicon":"//bits.wikimedia.org/favicon/commons.ico","type":"filerepo","wiki":1},{"name":"local","displayname":"Wikipedia","rootUrl":"//upload.wikimedia.org/wikipedia/en","local":true,"url":"//upload.wikimedia.org/wikipedia/en","thumbUrl":"//upload.wikimedia.org/wikipedia/en/thumb","initialCapital":true,"scriptDirUrl":"/w","favicon":"http://bits.wikimedia.org/favicon/wikipedia.ico","type":"filerepo","wiki":0}]},{"type":"wikiconf","baseurl":"http://commons.wikimedia.org/w","imagesize":200,"keep_tmpfiles":false,"script_extension":".php","format":"nuwiki","prefix":"commonswiki","parsoid":"http://parsoid-lb.eqiad.wikimedia.org/","filerepos":[{"name":"local","displayname":"Wikimedia Commons","rootUrl":"//upload.wikimedia.org/wikipedia/commons","local":true,"url":"//upload.wikimedia.org/wikipedia/commons","thumbUrl":"//upload.wikimedia.org/wikipedia/commons/thumb","initialCapital":true,"scriptDirUrl":"/w","favicon":"http://bits.wikimedia.org/favicon/commons.ico","type":"filerepo","wiki":1}]}],"papersize":"letter","lang":"en"}