{"type":"wikiconf","imagesize":1200,"keep_tmpfiles":false,"script_extension":".php","format":"nuwiki","parsoid":"http://parsoid-lb.eqiad.wikimedia.org/","prefix":"enwiki","filerepos":[{"name":"shared","displayname":"Wikimedia Commons","rootUrl":"//upload.wikimedia.org/wikipedia/commons","local":false,"url":"//upload.wikimedia.org/wikipedia/commons","thumbUrl":"//upload.wikimedia.org/wikipedia/commons/thumb","initialCapital":true,"descBaseUrl":"//commons.wikimedia.org/wiki/File:","scriptDirUrl":"//commons.wikimedia.org/w","fetchDescription":true,"favicon":"//bits.wikimedia.org/favicon/commons.ico","type":"filerepo","wiki":1},{"name":"local","displayname":"Wikipedia","rootUrl":"//upload.wikimedia.org/wikipedia/en","local":true,"url":"//upload.wikimedia.org/wikipedia/en","thumbUrl":"//upload.wikimedia.org/wikipedia/en/thumb","initialCapital":true,"scriptDirUrl":"/w","favicon":"http://bits.wikimedia.org/favicon/wikipedia.ico","type":"filerepo","wiki":0}],"base_url":"http://en.wikipedia.org/w"}