{"type":"collection","title":"","subtitle":"","summary":"","version":1,"items":[{"type":"article","title":"नेपालभाषा","content_type":"text/x-wiki","url":"http://new.wikipedia.org/wiki/नेपालभाषा","wiki":0,"about":"http://new.wikipedia.org/wiki/Special:Redirect/revision/837476","isVersionOf":"//new.wikipedia.org/wiki/%E0%A4%A8%E0%A5%87%E0%A4%AA%E0%A4%BE%E0%A4%B2%E0%A4%AD%E0%A4%BE%E0%A4%B7%E0%A4%BE","revision":"837476"}],"licenses":[{"mw_rights_icon":"","mw_rights_page":"","mw_rights_text":"","mw_rights_url":"","name":"License","type":"license"}],"wikis":[{"type":"wikiconf","baseurl":"http://new.wikipedia.org/w","imagesize":100,"keep_tmpfiles":false,"script_extension":".php","format":"nuwiki","restbase1":"http://new.wikipedia.org/api/rest_v1/","parsoid":"http://parsoid-lb.eqiad.wikimedia.org/","prefix":"newwiki","host":"new.wikipedia.org","filerepos":[{"name":"shared","displayname":"Wikimedia Commons","rootUrl":"//upload.wikimedia.org/wikipedia/commons","url":"//upload.wikimedia.org/wikipedia/commons","thumbUrl":"//upload.wikimedia.org/wikipedia/commons/thumb","initialCapital":"","descBaseUrl":"//commons.wikimedia.org/wiki/File:","scriptDirUrl":"//commons.wikimedia.org/w","fetchDescription":"","favicon":"/static/favicon/commons.ico","type":"filerepo","wiki":1},{"name":"local","displayname":"Wikipedia","rootUrl":"//upload.wikimedia.org/wikipedia/new","local":"","url":"//upload.wikimedia.org/wikipedia/new","thumbUrl":"//upload.wikimedia.org/wikipedia/new/thumb","initialCapital":"","scriptDirUrl":"/w","favicon":"http://new.wikipedia.org/static/favicon/wikipedia.ico","type":"filerepo","wiki":0}]},{"type":"wikiconf","baseurl":"https://commons.wikimedia.org/w","imagesize":100,"keep_tmpfiles":false,"script_extension":".php","format":"nuwiki","restbase1":"https://commons.wikimedia.org/api/rest_v1/","prefix":"commonswiki","parsoid":"http://parsoid-lb.eqiad.wikimedia.org/","filerepos":[{"name":"local","displayname":"Wikimedia Commons","rootUrl":"//upload.wikimedia.org/wikipedia/commons","local":"","url":"//upload.wikimedia.org/wikipedia/commons","thumbUrl":"//upload.wikimedia.org/wikipedia/commons/thumb","initialCapital":"","scriptDirUrl":"/w","favicon":"https://commons.wikimedia.org/static/favicon/commons.ico","type":"filerepo","wiki":1}]}],"papersize":"letter","lang":"new"}