{"type":"collection","title":"","subtitle":"","summary":"","version":1,"items":[{"type":"article","title":"ເອແດມບວກ","content_type":"text/x-wiki","url":"http://lo.wikipedia.org/wiki/ເອແດມບວກ","wiki":0,"about":"http://lo.wikipedia.org/wiki/Special:Redirect/revision/47309","isVersionOf":"//lo.wikipedia.org/wiki/ເອແດມບວກ","revision":"47309"}],"licenses":[{"mw_rights_icon":"","mw_rights_page":"","mw_rights_text":"","mw_rights_url":"","name":"License","type":"license"}],"wikis":[{"type":"wikiconf","baseurl":"http://lo.wikipedia.org/w","imagesize":600,"keep_tmpfiles":false,"script_extension":".php","format":"nuwiki","parsoid":"http://parsoid-lb.eqiad.wikimedia.org/","prefix":"lowiki","filerepos":[{"name":"shared","displayname":"Wikimedia Commons","rootUrl":"//upload.wikimedia.org/wikipedia/commons","local":false,"url":"//upload.wikimedia.org/wikipedia/commons","thumbUrl":"//upload.wikimedia.org/wikipedia/commons/thumb","initialCapital":true,"descBaseUrl":"//commons.wikimedia.org/wiki/File:","scriptDirUrl":"//commons.wikimedia.org/w","fetchDescription":true,"favicon":"//bits.wikimedia.org/favicon/commons.ico","type":"filerepo","wiki":1},{"name":"local","displayname":"ວິກິພີເດຍ","rootUrl":"//upload.wikimedia.org/wikipedia/lo","local":true,"url":"//upload.wikimedia.org/wikipedia/lo","thumbUrl":"//upload.wikimedia.org/wikipedia/lo/thumb","initialCapital":true,"scriptDirUrl":"/w","favicon":"http://bits.wikimedia.org/favicon/wikipedia.ico","type":"filerepo","wiki":0}]},{"type":"wikiconf","baseurl":"http://commons.wikimedia.org/w","imagesize":600,"keep_tmpfiles":false,"script_extension":".php","format":"nuwiki","prefix":"commonswiki","parsoid":"http://parsoid-lb.eqiad.wikimedia.org/","filerepos":[{"name":"local","displayname":"Wikimedia Commons","rootUrl":"//upload.wikimedia.org/wikipedia/commons","local":true,"url":"//upload.wikimedia.org/wikipedia/commons","thumbUrl":"//upload.wikimedia.org/wikipedia/commons/thumb","initialCapital":true,"scriptDirUrl":"/w","favicon":"http://bits.wikimedia.org/favicon/commons.ico","type":"filerepo","wiki":1}]}],"papersize":"letter","lang":"lo"}