{"type":"collection","title":"","subtitle":"","summary":"","version":1,"items":[{"type":"article","title":"First Aid","content_type":"text/x-wiki","url":"https://en.wikibooks.org/wiki/First_Aid","wiki":0,"about":"http://en.wikibooks.org/wiki/Special:Redirect/revision/3008702","isVersionOf":"//en.wikibooks.org/wiki/First_Aid","revision":"3008702"},{"type":"article","title":"First Aid/Authors","content_type":"text/x-wiki","url":"https://en.wikibooks.org/wiki/First_Aid/Authors","wiki":0,"about":"http://en.wikibooks.org/wiki/Special:Redirect/revision/2674313","isVersionOf":"//en.wikibooks.org/wiki/First_Aid/Authors","revision":"2674313"},{"type":"article","title":"First Aid/How To Read This Book","content_type":"text/x-wiki","url":"https://en.wikibooks.org/wiki/First_Aid/How_To_Read_This_Book","wiki":0,"about":"http://en.wikibooks.org/wiki/Special:Redirect/revision/1164336","isVersionOf":"//en.wikibooks.org/wiki/First_Aid/How_To_Read_This_Book","revision":"1164336"},{"type":"article","title":"First Aid/What Is First Aid?","content_type":"text/x-wiki","url":"https://en.wikibooks.org/wiki/First_Aid/What_Is_First_Aid?","wiki":0,"about":"http://en.wikibooks.org/wiki/Special:Redirect/revision/3013244","isVersionOf":"//en.wikibooks.org/wiki/First_Aid/What_Is_First_Aid%3F","revision":"3013244"},{"type":"article","title":"First Aid/First Aid Training","content_type":"text/x-wiki","url":"https://en.wikibooks.org/wiki/First_Aid/First_Aid_Training","wiki":0,"about":"http://en.wikibooks.org/wiki/Special:Redirect/revision/1164329","isVersionOf":"//en.wikibooks.org/wiki/First_Aid/First_Aid_Training","revision":"1164329"},{"type":"article","title":"First Aid/Consent","content_type":"text/x-wiki","url":"https://en.wikibooks.org/wiki/First_Aid/Consent","wiki":0,"about":"http://en.wikibooks.org/wiki/Special:Redirect/revision/2596905","isVersionOf":"//en.wikibooks.org/wiki/First_Aid/Consent","revision":"2596905"},{"type":"article","title":"First Aid/Protective Precautions","content_type":"text/x-wiki","url":"https://en.wikibooks.org/wiki/First_Aid/Protective_Precautions","wiki":0,"about":"http://en.wikibooks.org/wiki/Special:Redirect/revision/2719474","isVersionOf":"//en.wikibooks.org/wiki/First_Aid/Protective_Precautions","revision":"2719474"},{"type":"article","title":"First Aid/Legal Liability","content_type":"text/x-wiki","url":"https://en.wikibooks.org/wiki/First_Aid/Legal_Liability","wiki":0,"about":"http://en.wikibooks.org/wiki/Special:Redirect/revision/1378847","isVersionOf":"//en.wikibooks.org/wiki/First_Aid/Legal_Liability","revision":"1378847"},{"type":"article","title":"First Aid/Critical Incident Stress & Victim Death","content_type":"text/x-wiki","url":"https://en.wikibooks.org/wiki/First_Aid/Critical_Incident_Stress_&_Victim_Death","wiki":0,"about":"http://en.wikibooks.org/wiki/Special:Redirect/revision/2487407","isVersionOf":"//en.wikibooks.org/wiki/First_Aid/Critical_Incident_Stress_%26_Victim_Death","revision":"2487407"},{"type":"article","title":"First Aid/Abuse & Neglect","content_type":"text/x-wiki","url":"https://en.wikibooks.org/wiki/First_Aid/Abuse_&_Neglect","wiki":0,"about":"http://en.wikibooks.org/wiki/Special:Redirect/revision/1164300","isVersionOf":"//en.wikibooks.org/wiki/First_Aid/Abuse_%26_Neglect","revision":"1164300"},{"type":"article","title":"First Aid/Emergency First Aid & Initial Action Steps","content_type":"text/x-wiki","url":"https://en.wikibooks.org/wiki/First_Aid/Emergency_First_Aid_&_Initial_Action_Steps","wiki":0,"about":"http://en.wikibooks.org/wiki/Special:Redirect/revision/3050479","isVersionOf":"//en.wikibooks.org/wiki/First_Aid/Emergency_First_Aid_%26_Initial_Action_Steps","revision":"3050479"},{"type":"article","title":"First Aid/A for Airway","content_type":"text/x-wiki","url":"https://en.wikibooks.org/wiki/First_Aid/A_for_Airway","wiki":0,"about":"http://en.wikibooks.org/wiki/Special:Redirect/revision/2697739","isVersionOf":"//en.wikibooks.org/wiki/First_Aid/A_for_Airway","revision":"2697739"},{"type":"article","title":"First Aid/B for Breathing","content_type":"text/x-wiki","url":"https://en.wikibooks.org/wiki/First_Aid/B_for_Breathing","wiki":0,"about":"http://en.wikibooks.org/wiki/Special:Redirect/revision/2725198","isVersionOf":"//en.wikibooks.org/wiki/First_Aid/B_for_Breathing","revision":"2725198"},{"type":"article","title":"First Aid/C for Compressions","content_type":"text/x-wiki","url":"https://en.wikibooks.org/wiki/First_Aid/C_for_Compressions","wiki":0,"about":"http://en.wikibooks.org/wiki/Special:Redirect/revision/3063669","isVersionOf":"//en.wikibooks.org/wiki/First_Aid/C_for_Compressions","revision":"3063669"},{"type":"article","title":"First Aid/D for Deadly Bleeding","content_type":"text/x-wiki","url":"https://en.wikibooks.org/wiki/First_Aid/D_for_Deadly_Bleeding","wiki":0,"about":"http://en.wikibooks.org/wiki/Special:Redirect/revision/2274807","isVersionOf":"//en.wikibooks.org/wiki/First_Aid/D_for_Deadly_Bleeding","revision":"2274807"},{"type":"article","title":"First Aid/CPR summary","content_type":"text/x-wiki","url":"https://en.wikibooks.org/wiki/First_Aid/CPR_summary","wiki":0,"about":"http://en.wikibooks.org/wiki/Special:Redirect/revision/3040534","isVersionOf":"//en.wikibooks.org/wiki/First_Aid/CPR_summary","revision":"3040534"},{"type":"article","title":"First Aid/Head-to-toe","content_type":"text/x-wiki","url":"https://en.wikibooks.org/wiki/First_Aid/Head-to-toe","wiki":0,"about":"http://en.wikibooks.org/wiki/Special:Redirect/revision/2246394","isVersionOf":"//en.wikibooks.org/wiki/First_Aid/Head-to-toe","revision":"2246394"},{"type":"article","title":"First Aid/History","content_type":"text/x-wiki","url":"https://en.wikibooks.org/wiki/First_Aid/History","wiki":0,"about":"http://en.wikibooks.org/wiki/Special:Redirect/revision/2778717","isVersionOf":"//en.wikibooks.org/wiki/First_Aid/History","revision":"2778717"},{"type":"article","title":"First Aid/Vitals","content_type":"text/x-wiki","url":"https://en.wikibooks.org/wiki/First_Aid/Vitals","wiki":0,"about":"http://en.wikibooks.org/wiki/Special:Redirect/revision/3034096","isVersionOf":"//en.wikibooks.org/wiki/First_Aid/Vitals","revision":"3034096"},{"type":"article","title":"First Aid/External Bleeding","content_type":"text/x-wiki","url":"https://en.wikibooks.org/wiki/First_Aid/External_Bleeding","wiki":0,"about":"http://en.wikibooks.org/wiki/Special:Redirect/revision/3051102","isVersionOf":"//en.wikibooks.org/wiki/First_Aid/External_Bleeding","revision":"3051102"},{"type":"article","title":"First Aid/Internal Bleeding","content_type":"text/x-wiki","url":"https://en.wikibooks.org/wiki/First_Aid/Internal_Bleeding","wiki":0,"about":"http://en.wikibooks.org/wiki/Special:Redirect/revision/2777196","isVersionOf":"//en.wikibooks.org/wiki/First_Aid/Internal_Bleeding","revision":"2777196"},{"type":"article","title":"First Aid/Heart Attack & Angina","content_type":"text/x-wiki","url":"https://en.wikibooks.org/wiki/First_Aid/Heart_Attack_&_Angina","wiki":0,"about":"http://en.wikibooks.org/wiki/Special:Redirect/revision/3049243","isVersionOf":"//en.wikibooks.org/wiki/First_Aid/Heart_Attack_%26_Angina","revision":"3049243"},{"type":"article","title":"First Aid/Stroke & TIA","content_type":"text/x-wiki","url":"https://en.wikibooks.org/wiki/First_Aid/Stroke_&_TIA","wiki":0,"about":"http://en.wikibooks.org/wiki/Special:Redirect/revision/2573893","isVersionOf":"//en.wikibooks.org/wiki/First_Aid/Stroke_%26_TIA","revision":"2573893"},{"type":"article","title":"First Aid/Shock","content_type":"text/x-wiki","url":"https://en.wikibooks.org/wiki/First_Aid/Shock","wiki":0,"about":"http://en.wikibooks.org/wiki/Special:Redirect/revision/2282516","isVersionOf":"//en.wikibooks.org/wiki/First_Aid/Shock","revision":"2282516"},{"type":"article","title":"First Aid/Anaphylactic Shock","content_type":"text/x-wiki","url":"https://en.wikibooks.org/wiki/First_Aid/Anaphylactic_Shock","wiki":0,"about":"http://en.wikibooks.org/wiki/Special:Redirect/revision/1641496","isVersionOf":"//en.wikibooks.org/wiki/First_Aid/Anaphylactic_Shock","revision":"1641496"},{"type":"article","title":"First Aid/Asthma & Hyperventilation","content_type":"text/x-wiki","url":"https://en.wikibooks.org/wiki/First_Aid/Asthma_&_Hyperventilation","wiki":0,"about":"http://en.wikibooks.org/wiki/Special:Redirect/revision/2065002","isVersionOf":"//en.wikibooks.org/wiki/First_Aid/Asthma_%26_Hyperventilation","revision":"2065002"},{"type":"article","title":"First Aid/Obstructed Airway","content_type":"text/x-wiki","url":"https://en.wikibooks.org/wiki/First_Aid/Obstructed_Airway","wiki":0,"about":"http://en.wikibooks.org/wiki/Special:Redirect/revision/3041236","isVersionOf":"//en.wikibooks.org/wiki/First_Aid/Obstructed_Airway","revision":"3041236"},{"type":"article","title":"First Aid/Burns","content_type":"text/x-wiki","url":"https://en.wikibooks.org/wiki/First_Aid/Burns","wiki":0,"about":"http://en.wikibooks.org/wiki/Special:Redirect/revision/3008940","isVersionOf":"//en.wikibooks.org/wiki/First_Aid/Burns","revision":"3008940"},{"type":"article","title":"First Aid/Electrocution","content_type":"text/x-wiki","url":"https://en.wikibooks.org/wiki/First_Aid/Electrocution","wiki":0,"about":"http://en.wikibooks.org/wiki/Special:Redirect/revision/2419072","isVersionOf":"//en.wikibooks.org/wiki/First_Aid/Electrocution","revision":"2419072"},{"type":"article","title":"First Aid/Chest & Abdominal Injuries","content_type":"text/x-wiki","url":"https://en.wikibooks.org/wiki/First_Aid/Chest_&_Abdominal_Injuries","wiki":0,"about":"http://en.wikibooks.org/wiki/Special:Redirect/revision/2948706","isVersionOf":"//en.wikibooks.org/wiki/First_Aid/Chest_%26_Abdominal_Injuries","revision":"2948706"},{"type":"article","title":"First Aid/Musculoskeletal Injuries","content_type":"text/x-wiki","url":"https://en.wikibooks.org/wiki/First_Aid/Musculoskeletal_Injuries","wiki":0,"about":"http://en.wikibooks.org/wiki/Special:Redirect/revision/2689904","isVersionOf":"//en.wikibooks.org/wiki/First_Aid/Musculoskeletal_Injuries","revision":"2689904"},{"type":"article","title":"First Aid/Immobilization","content_type":"text/x-wiki","url":"https://en.wikibooks.org/wiki/First_Aid/Immobilization","wiki":0,"about":"http://en.wikibooks.org/wiki/Special:Redirect/revision/2992428","isVersionOf":"//en.wikibooks.org/wiki/First_Aid/Immobilization","revision":"2992428"},{"type":"article","title":"First Aid/Head & Facial Injuries","content_type":"text/x-wiki","url":"https://en.wikibooks.org/wiki/First_Aid/Head_&_Facial_Injuries","wiki":0,"about":"http://en.wikibooks.org/wiki/Special:Redirect/revision/2283050","isVersionOf":"//en.wikibooks.org/wiki/First_Aid/Head_%26_Facial_Injuries","revision":"2283050"},{"type":"article","title":"First Aid/Suspected Spinal Injury","content_type":"text/x-wiki","url":"https://en.wikibooks.org/wiki/First_Aid/Suspected_Spinal_Injury","wiki":0,"about":"http://en.wikibooks.org/wiki/Special:Redirect/revision/1647475","isVersionOf":"//en.wikibooks.org/wiki/First_Aid/Suspected_Spinal_Injury","revision":"1647475"},{"type":"article","title":"First Aid/Heat-Related Illness & Injury","content_type":"text/x-wiki","url":"https://en.wikibooks.org/wiki/First_Aid/Heat-Related_Illness_&_Injury","wiki":0,"about":"http://en.wikibooks.org/wiki/Special:Redirect/revision/2528161","isVersionOf":"//en.wikibooks.org/wiki/First_Aid/Heat-Related_Illness_%26_Injury","revision":"2528161"},{"type":"article","title":"First Aid/Cold-Related Illness & Injury","content_type":"text/x-wiki","url":"https://en.wikibooks.org/wiki/First_Aid/Cold-Related_Illness_&_Injury","wiki":0,"about":"http://en.wikibooks.org/wiki/Special:Redirect/revision/2060757","isVersionOf":"//en.wikibooks.org/wiki/First_Aid/Cold-Related_Illness_%26_Injury","revision":"2060757"},{"type":"article","title":"First Aid/Pressure-Related Illness & Injury","content_type":"text/x-wiki","url":"https://en.wikibooks.org/wiki/First_Aid/Pressure-Related_Illness_&_Injury","wiki":0,"about":"http://en.wikibooks.org/wiki/Special:Redirect/revision/2091862","isVersionOf":"//en.wikibooks.org/wiki/First_Aid/Pressure-Related_Illness_%26_Injury","revision":"2091862"},{"type":"article","title":"First Aid/Diabetes","content_type":"text/x-wiki","url":"https://en.wikibooks.org/wiki/First_Aid/Diabetes","wiki":0,"about":"http://en.wikibooks.org/wiki/Special:Redirect/revision/2712281","isVersionOf":"//en.wikibooks.org/wiki/First_Aid/Diabetes","revision":"2712281"},{"type":"article","title":"First Aid/Seizures","content_type":"text/x-wiki","url":"https://en.wikibooks.org/wiki/First_Aid/Seizures","wiki":0,"about":"http://en.wikibooks.org/wiki/Special:Redirect/revision/1968012","isVersionOf":"//en.wikibooks.org/wiki/First_Aid/Seizures","revision":"1968012"},{"type":"article","title":"First Aid/Poisoning","content_type":"text/x-wiki","url":"https://en.wikibooks.org/wiki/First_Aid/Poisoning","wiki":0,"about":"http://en.wikibooks.org/wiki/Special:Redirect/revision/2736560","isVersionOf":"//en.wikibooks.org/wiki/First_Aid/Poisoning","revision":"2736560"},{"type":"article","title":"First Aid/Airway Management","content_type":"text/x-wiki","url":"https://en.wikibooks.org/wiki/First_Aid/Airway_Management","wiki":0,"about":"http://en.wikibooks.org/wiki/Special:Redirect/revision/2700479","isVersionOf":"//en.wikibooks.org/wiki/First_Aid/Airway_Management","revision":"2700479"},{"type":"article","title":"First Aid/Oxygen Administration","content_type":"text/x-wiki","url":"https://en.wikibooks.org/wiki/First_Aid/Oxygen_Administration","wiki":0,"about":"http://en.wikibooks.org/wiki/Special:Redirect/revision/2085912","isVersionOf":"//en.wikibooks.org/wiki/First_Aid/Oxygen_Administration","revision":"2085912"},{"type":"article","title":"First Aid/Automated External Defibrillation","content_type":"text/x-wiki","url":"https://en.wikibooks.org/wiki/First_Aid/Automated_External_Defibrillation","wiki":0,"about":"http://en.wikibooks.org/wiki/Special:Redirect/revision/2666487","isVersionOf":"//en.wikibooks.org/wiki/First_Aid/Automated_External_Defibrillation","revision":"2666487"},{"type":"article","title":"First Aid/Appendix A: Glossary","content_type":"text/x-wiki","url":"https://en.wikibooks.org/wiki/First_Aid/Appendix_A:_Glossary","wiki":0,"about":"http://en.wikibooks.org/wiki/Special:Redirect/revision/1951388","isVersionOf":"//en.wikibooks.org/wiki/First_Aid/Appendix_A%3A_Glossary","revision":"1951388"},{"type":"article","title":"First Aid/Appendix B: Behind the Scenes","content_type":"text/x-wiki","url":"https://en.wikibooks.org/wiki/First_Aid/Appendix_B:_Behind_the_Scenes","wiki":0,"about":"http://en.wikibooks.org/wiki/Special:Redirect/revision/1164306","isVersionOf":"//en.wikibooks.org/wiki/First_Aid/Appendix_B%3A_Behind_the_Scenes","revision":"1164306"},{"type":"article","title":"First Aid/Appendix C: Sources","content_type":"text/x-wiki","url":"https://en.wikibooks.org/wiki/First_Aid/Appendix_C:_Sources","wiki":0,"about":"http://en.wikibooks.org/wiki/Special:Redirect/revision/2680124","isVersionOf":"//en.wikibooks.org/wiki/First_Aid/Appendix_C%3A_Sources","revision":"2680124"},{"type":"article","title":"First Aid/Appendix D: Notes for First Aid Instructors","content_type":"text/x-wiki","url":"https://en.wikibooks.org/wiki/First_Aid/Appendix_D:_Notes_for_First_Aid_Instructors","wiki":0,"about":"http://en.wikibooks.org/wiki/Special:Redirect/revision/1256672","isVersionOf":"//en.wikibooks.org/wiki/First_Aid/Appendix_D%3A_Notes_for_First_Aid_Instructors","revision":"1256672"},{"type":"article","title":"First Aid/Appendix E: First Aid Kits","content_type":"text/x-wiki","url":"https://en.wikibooks.org/wiki/First_Aid/Appendix_E:_First_Aid_Kits","wiki":0,"about":"http://en.wikibooks.org/wiki/Special:Redirect/revision/2166610","isVersionOf":"//en.wikibooks.org/wiki/First_Aid/Appendix_E%3A_First_Aid_Kits","revision":"2166610"}],"licenses":[{"mw_rights_icon":"","mw_rights_page":"","mw_rights_text":"","mw_rights_url":"","name":"License","type":"license"}],"wikis":[{"type":"wikiconf","baseurl":"https://en.wikibooks.org/w","imagesize":100,"keep_tmpfiles":false,"script_extension":".php","format":"nuwiki","restbase1":"https://en.wikibooks.org/api/rest_v1/","parsoid":"http://parsoid-lb.eqiad.wikimedia.org/","prefix":"enwikibooks","domain":"en.wikibooks.org","filerepos":[{"name":"shared","displayname":"Wikimedia Commons","rootUrl":"//upload.wikimedia.org/wikipedia/commons","url":"//upload.wikimedia.org/wikipedia/commons","thumbUrl":"//upload.wikimedia.org/wikipedia/commons/thumb","initialCapital":"","descBaseUrl":"https://commons.wikimedia.org/wiki/File:","scriptDirUrl":"https://commons.wikimedia.org/w","fetchDescription":"","descriptionCacheExpiry":86400,"favicon":"/static/favicon/commons.ico","canUpload":"","type":"filerepo","wiki":1},{"name":"local","displayname":"Wikibooks","rootUrl":"//upload.wikimedia.org/wikibooks/en","local":"","url":"//upload.wikimedia.org/wikibooks/en","thumbUrl":"//upload.wikimedia.org/wikibooks/en/thumb","initialCapital":"","scriptDirUrl":"/w","favicon":"https://en.wikibooks.org/static/favicon/wikibooks.ico","canUpload":"","type":"filerepo","wiki":0}]},{"type":"wikiconf","baseurl":"https://commons.wikimedia.org/w","imagesize":100,"keep_tmpfiles":false,"script_extension":".php","format":"nuwiki","restbase1":"https://commons.wikimedia.org/api/rest_v1/","prefix":"commonswiki","filerepos":[{"name":"local","displayname":"Wikimedia Commons","rootUrl":"https://upload.wikimedia.org/wikipedia/commons","local":"","url":"https://upload.wikimedia.org/wikipedia/commons","thumbUrl":"https://upload.wikimedia.org/wikipedia/commons/thumb","initialCapital":"","scriptDirUrl":"/w","favicon":"https://commons.wikimedia.org/static/favicon/commons.ico","canUpload":"","type":"filerepo","wiki":1}]}],"papersize":"letter","lang":"en"}