{"type":"collection","title":"","subtitle":"","summary":"","version":1,"items":[{"type":"article","title":"मुख्य पृष्ठ","content_type":"text/x-wiki","url":"http://ne.wikipedia.org/wiki/मुख्य_पृष्ठ","wiki":0,"about":"http://ne.wikipedia.org/wiki/Special:Redirect/revision/465825","isVersionOf":"//ne.wikipedia.org/wiki/%E0%A4%AE%E0%A5%81%E0%A4%96%E0%A5%8D%E0%A4%AF_%E0%A4%AA%E0%A5%83%E0%A4%B7%E0%A5%8D%E0%A4%A0","revision":"465825"}],"licenses":[{"mw_rights_icon":"","mw_rights_page":"","mw_rights_text":"","mw_rights_url":"","name":"License","type":"license"}],"wikis":[{"type":"wikiconf","baseurl":"http://ne.wikipedia.org/w","imagesize":100,"keep_tmpfiles":false,"script_extension":".php","format":"nuwiki","restbase1":"http://ne.wikipedia.org/api/rest_v1/","parsoid":"http://parsoid-lb.eqiad.wikimedia.org/","prefix":"newiki","host":"ne.wikipedia.org","filerepos":[{"name":"shared","displayname":"Wikimedia Commons","rootUrl":"//upload.wikimedia.org/wikipedia/commons","url":"//upload.wikimedia.org/wikipedia/commons","thumbUrl":"//upload.wikimedia.org/wikipedia/commons/thumb","initialCapital":"","descBaseUrl":"//commons.wikimedia.org/wiki/File:","scriptDirUrl":"//commons.wikimedia.org/w","fetchDescription":"","favicon":"/static/favicon/commons.ico","type":"filerepo","wiki":1},{"name":"local","displayname":"विकिपीडिया","rootUrl":"//upload.wikimedia.org/wikipedia/ne","local":"","url":"//upload.wikimedia.org/wikipedia/ne","thumbUrl":"//upload.wikimedia.org/wikipedia/ne/thumb","initialCapital":"","scriptDirUrl":"/w","favicon":"http://ne.wikipedia.org/static/favicon/wikipedia.ico","type":"filerepo","wiki":0}]},{"type":"wikiconf","baseurl":"https://commons.wikimedia.org/w","imagesize":100,"keep_tmpfiles":false,"script_extension":".php","format":"nuwiki","restbase1":"https://commons.wikimedia.org/api/rest_v1/","prefix":"commonswiki","parsoid":"http://parsoid-lb.eqiad.wikimedia.org/","filerepos":[{"name":"local","displayname":"Wikimedia Commons","rootUrl":"//upload.wikimedia.org/wikipedia/commons","local":"","url":"//upload.wikimedia.org/wikipedia/commons","thumbUrl":"//upload.wikimedia.org/wikipedia/commons/thumb","initialCapital":"","scriptDirUrl":"/w","favicon":"https://commons.wikimedia.org/static/favicon/commons.ico","type":"filerepo","wiki":1}]}],"papersize":"letter","lang":"ne"}